{"v":"5.6.6","ip":0,"op":200,"fr":40,"w":470,"h":470,"layers":[{"ind":1491,"nm":"surface4537","ao":0,"ip":0,"op":264,"st":0,"ty":4,"ks":{"ty":"tr","o":{"k":100},"r":{"k":0},"p":{"k":[0,0]},"a":{"k":[0,0]},"s":{"k":[133.33,133.33]},"sk":{"k":0},"sa":{"k":0}},"shapes":[{"ty":"gr","hd":false,"nm":"surface4537","it":[{"ty":"gr","hd":false,"it":[{"ty":"sh","ks":{"k":{"i":[[0,0],[0,0]],"o":[[0,0],[0,0]],"v":[[367.52,235],[102.48,235]],"c":false}}},{"ty":"st","lc":2,"lj":1,"ml":10,"o":{"k":100},"w":{"k":20},"c":{"k":[1,1,1,1]},"hd":false},{"ty":"tr","o":{"k":100},"r":{"k":0},"p":{"k":[0,0]},"a":{"k":[0,0]},"s":{"k":[75,75]},"sk":{"k":0},"sa":{"k":0},"hd":false}]},{"ty":"gr","hd":false,"it":[{"ty":"sh","ks":{"k":{"i":[[0,0],[0,0]],"o":[[0,0],[0,0]],"v":[[235,102.48],[235,367.52]],"c":false}}},{"ty":"st","lc":2,"lj":1,"ml":10,"o":{"k":100},"w":{"k":20},"c":{"k":[1,1,1,1]},"hd":false},{"ty":"tr","o":{"k":100},"r":{"k":0},"p":{"k":[0,0]},"a":{"k":[0,0]},"s":{"k":[75,75]},"sk":{"k":0},"sa":{"k":0},"hd":false}]},{"ty":"gr","hd":false,"it":[{"ty":"sh","ks":{"k":{"i":[[0,0],[124.27,0],[0,124.27],[-124.27,0],[0,-124.27]],"o":[[0,124.27],[-124.27,0],[0,-124.27],[124.27,0],[0,0]],"v":[[460,235],[235,460],[10,235],[235,10],[460,235]],"c":false}}},{"ty":"st","lc":1,"lj":1,"ml":10,"o":{"k":100},"w":{"k":20},"c":{"k":[1,1,1,1]},"hd":false},{"ty":"tr","o":{"k":100},"r":{"k":0},"p":{"k":[0,0]},"a":{"k":[0,0]},"s":{"k":[75,75]},"sk":{"k":0},"sa":{"k":0},"hd":false}]},{"ty":"tr","o":{"k":100},"r":{"k":0},"p":{"k":[0,0]},"a":{"k":[0,0]},"s":{"k":[100,100]},"sk":{"k":0},"sa":{"k":0},"hd":false}]},{"ty":"tm","s":{"a":0,"k":0,"ix":1},"e":{"a":1,"k":[{"i":{"x":[0.27],"y":[1]},"o":{"x":[0.5],"y":[0]},"t":0,"s":[0]},{"t":66,"s":[100]}],"ix":2},"o":{"a":0,"k":0,"ix":3},"m":1,"ix":2,"hd":false}]}],"meta":{"g":"LF SVG to Lottie"}}